PN ,Date,Day,Word
1,Feb 25 2022,Day 251,TROVE
2,Feb 26 2022,Day 252,BLOKE
3,Feb 27 2022,Day 253,VIVID
4,Feb 28 2022,Day 254,SPILL
5,Mar 01 2022,Day 255,CHANT
6,Mar 02 2022,Day 256,CHOKE
7,Mar 03 2022,Day 257,RUPEE
8,Mar 04 2022,Day 258,NASTY
9,Mar 05 2022,Day 259,MOURN
10,Mar 06 2022,Day 260,AHEAD
11,Mar 07 2022,Day 261,BRINE
12,Mar 08 2022,Day 262,CLOTH
13,Mar 09 2022,Day 263,HOARD
14,Mar 10 2022,Day 264,SWEET
1,Mar 11 2022,Day 265,MONTH
2,Mar 12 2022,Day 266,LAPSE
3,Mar 13 2022,Day 267,WATCH
4,Mar 14 2022,Day 268,TODAY
5,Mar 15 2022,Day 269,FOCUS
6,Mar 16 2022,Day 270,SMELT
7,Mar 17 2022,Day 271,TEASE
8,Mar 18 2022,Day 272,CATER
9,Mar 19 2022,Day 273,MOVIE
10,Mar 20 2022,Day 274,LYNCH
11,Mar 21 2022,Day 275,SAUTE
12,Mar 22 2022,Day 276,ALLOW
13,Mar 23 2022,Day 277,RENEW
14,Mar 24 2022,Day 278,THEIR
1,Mar 25 2022,Day 279,SLOSH
2,Mar 26 2022,Day 280,PURGE
3,Mar 27 2022,Day 281,CHEST
4,Mar 28 2022,Day 282,DEPOT
5,Mar 29 2022,Day 283,EPOXY
6,Mar 30 2022,Day 284,NYMPH
7,Mar 31 2022,Day 285,FOUND
8,Apr 01 2022,Day 286,SHALL
9,Apr 02 2022,Day 287,HARRY
10,Apr 03 2022,Day 288,STOVE
11,Apr 04 2022,Day 289,LOWLY
12,Apr 05 2022,Day 290,SNOUT
13,Apr 06 2022,Day 291,TROPE
14,Apr 07 2022,Day 292,FEWER
1,Apr 08 2022,Day 293,SHAWL
2,Apr 09 2022,Day 294,NATAL
3,Apr 10 2022,Day 295,FIBRE
4,Apr 11 2022,Day 296,COMMA
5,Apr 12 2022,Day 297,FORAY
6,Apr 13 2022,Day 298,SCARE
7,Apr 14 2022,Day 299,STAIR
8,Apr 15 2022,Day 300,BLACK
9,Apr 16 2022,Day 301,SQUAD
10,Apr 17 2022,Day 302,ROYAL
11,Apr 18 2022,Day 303,CHUNK
12,Apr 19 2022,Day 304,MINCE
13,Apr 20 2022,Day 305,SLAVE
14,Apr 21 2022,Day 306,SHAME
1,Apr 22 2022,Day 307,CHEEK
2,Apr 23 2022,Day 308,AMPLE
3,Apr 24 2022,Day 309,FLAIR
4,Apr 25 2022,Day 310,FOYER
5,Apr 26 2022,Day 311,CARGO
6,Apr 27 2022,Day 312,OXIDE
7,Apr 28 2022,Day 313,PLANT
8,Apr 29 2022,Day 314,OLIVE
9,Apr 30 2022,Day 315,INERT
10,May 01 2022,Day 316,ASKEW
11,May 02 2022,Day 317,HEIST
12,May 03 2022,Day 318,SHOWN
13,May 04 2022,Day 319,ZESTY
14,May 05 2022,Day 320,HASTY
1,May 06 2022,Day 321,TRASH
2,May 07 2022,Day 322,FELLA
3,May 08 2022,Day 323,LARVA
4,May 09 2022,Day 324,FORGO
5,May 10 2022,Day 325,STORY
6,May 11 2022,Day 326,HAIRY
7,May 12 2022,Day 327,TRAIN
8,May 13 2022,Day 328,HOMER
9,May 14 2022,Day 329,BADGE
10,May 15 2022,Day 330,MIDST
11,May 16 2022,Day 331,CANNY
12,May 17 2022,Day 332,FETUS
13,May 18 2022,Day 333,BUTCH
14,May 19 2022,Day 334,FARCE
1,May 20 2022,Day 335,SLUNG
2,May 21 2022,Day 336,TIPSY
3,May 22 2022,Day 337,METAL
4,May 23 2022,Day 338,YIELD
5,May 24 2022,Day 339,DELVE
6,May 25 2022,Day 340,BEING
7,May 26 2022,Day 341,SCOUR
8,May 27 2022,Day 342,GLASS
9,May 28 2022,Day 343,GAMER
10,May 29 2022,Day 344,SCRAP
11,May 30 2022,Day 345,MONEY
12,May 31 2022,Day 346,HINGE
13,Jun 01 2022,Day 347,ALBUM
14,Jun 02 2022,Day 348,VOUCH
1,Jun 03 2022,Day 349,ASSET
2,Jun 04 2022,Day 350,TIARA
3,Jun 05 2022,Day 351,CREPT
4,Jun 06 2022,Day 352,BAYOU
5,Jun 07 2022,Day 353,ATOLL
6,Jun 08 2022,Day 354,MANOR
7,Jun 09 2022,Day 355,CREAK
8,Jun 10 2022,Day 356,SHOWY
9,Jun 11 2022,Day 357,PHASE
10,Jun 12 2022,Day 358,FROTH
11,Jun 13 2022,Day 359,DEPTH
12,Jun 14 2022,Day 360,GLOOM
13,Jun 15 2022,Day 361,FLOOD
14,Jun 16 2022,Day 362,TRAIT
1,Jun 17 2022,Day 363,GIRTH
2,Jun 18 2022,Day 364,PIETY
3,Jun 19 2022,Day 365,PAYER
4,Jun 20 2022,Day 366,GOOSE
5,Jun 21 2022,Day 367,FLOAT
6,Jun 22 2022,Day 368,DONOR
7,Jun 23 2022,Day 369,ATONE
8,Jun 24 2022,Day 370,PRIMO
9,Jun 25 2022,Day 371,APRON
10,Jun 26 2022,Day 372,BLOWN
11,Jun 27 2022,Day 373,CACAO
12,Jun 28 2022,Day 374,LOSER
13,Jun 29 2022,Day 375,INPUT
14,Jun 30 2022,Day 376,GLOAT
1,Jul 01 2022,Day 377,AWFUL
2,Jul 02 2022,Day 378,BRINK
3,Jul 03 2022,Day 379,SMITE
4,Jul 04 2022,Day 380,BEADY
5,Jul 05 2022,Day 381,RUSTY
6,Jul 06 2022,Day 382,RETRO
7,Jul 07 2022,Day 383,DROLL
8,Jul 08 2022,Day 384,GAWKY
9,Jul 09 2022,Day 385,HUTCH
10,Jul 10 2022,Day 386,PINTO
11,Jul 11 2022,Day 387,GAILY
12,Jul 12 2022,Day 388,EGRET
13,Jul 13 2022,Day 389,LILAC
14,Jul 14 2022,Day 390,SEVER
1,Jul 15 2022,Day 391,FIELD
2,Jul 16 2022,Day 392,FLUFF
3,Jul 17 2022,Day 393,HYDRO
4,Jul 18 2022,Day 394,FLACK
5,Jul 19 2022,Day 395,AGAPE
6,Jul 20 2022,Day 396,WENCH
7,Jul 21 2022,Day 397,VOICE
8,Jul 22 2022,Day 398,STEAD
9,Jul 23 2022,Day 399,STALK
10,Jul 24 2022,Day 400,BERTH
11,Jul 25 2022,Day 401,MADAM
12,Jul 26 2022,Day 402,NIGHT
13,Jul 27 2022,Day 403,BLAND
14,Jul 28 2022,Day 404,LIVER
1,Jul 29 2022,Day 405,WEDGE
2,Jul 30 2022,Day 406,AUGUR
3,Jul 31 2022,Day 407,ROOMY
4,Aug 01 2022,Day 408,WACKY
5,Aug 02 2022,Day 409,FLOCK
6,Aug 03 2022,Day 410,ANGRY
7,Aug 04 2022,Day 411,BOBBY
8,Aug 05 2022,Day 412,TRITE
9,Aug 06 2022,Day 413,APHID
10,Aug 07 2022,Day 414,TRYST
11,Aug 08 2022,Day 415,MIDGE
12,Aug 09 2022,Day 416,POWER
13,Aug 10 2022,Day 417,ELOPE
14,Aug 11 2022,Day 418,CINCH
1,Aug 12 2022,Day 419,MOTTO
2,Aug 13 2022,Day 420,STOMP
3,Aug 14 2022,Day 421,UPSET
4,Aug 15 2022,Day 422,BLUFF
5,Aug 16 2022,Day 423,CRAMP
6,Aug 17 2022,Day 424,QUART
7,Aug 18 2022,Day 425,COYLY
8,Aug 19 2022,Day 426,YOUTH
9,Aug 20 2022,Day 427,RHYME
10,Aug 21 2022,Day 428,BUGGY
11,Aug 22 2022,Day 429,ALIEN
12,Aug 23 2022,Day 430,SMEAR
13,Aug 24 2022,Day 431,UNFIT
14,Aug 25 2022,Day 432,PATTY
1,Aug 26 2022,Day 433,CLING
2,Aug 27 2022,Day 434,GLEAN
3,Aug 28 2022,Day 435,LABEL
4,Aug 29 2022,Day 436,HUNKY
5,Aug 30 2022,Day 437,KHAKI
6,Aug 31 2022,Day 438,POKER
7,Sep 01 2022,Day 439,GRUEL
8,Sep 02 2022,Day 440,TWICE
9,Sep 03 2022,Day 441,TWANG
10,Sep 04 2022,Day 442,SHRUG
11,Sep 05 2022,Day 443,TREAT
12,Sep 06 2022,Day 444,UNLIT
13,Sep 07 2022,Day 445,WASTE
14,Sep 08 2022,Day 446,MERIT
1,Sep 09 2022,Day 447,WOVEN
2,Sep 10 2022,Day 448,OCTAL
3,Sep 11 2022,Day 449,NEEDY
4,Sep 12 2022,Day 450,CLOWN
5,Sep 13 2022,Day 451,WIDOW
6,Sep 14 2022,Day 452,IRONY
7,Sep 15 2022,Day 453,RUDER
8,Sep 16 2022,Day 454,GAUZE
9,Sep 17 2022,Day 455,CHIEF
10,Sep 18 2022,Day 456,ONSET
11,Sep 19 2022,Day 457,PRIZE
12,Sep 20 2022,Day 458,FUNGI
13,Sep 21 2022,Day 459,CHARM
14,Sep 22 2022,Day 460,GULLY
1,Sep 23 2022,Day 461,INTER
2,Sep 24 2022,Day 462,WHOOP
3,Sep 25 2022,Day 463,TAUNT
4,Sep 26 2022,Day 464,LEERY
5,Sep 27 2022,Day 465,CLASS,